app,Negative,Neutral,Positive
10 Best Foods for You,5,11,79
104 ÊâæÂ∑•‰Ωú - ÊâæÂ∑•‰Ωú ÊâæÊâìÂ∑• ÊâæÂÖºËÅ∑ Â±•Ê≠∑ÂÅ•Ê™¢ Â±•Ê≠∑Ë®∫ÁôÇÂÆ§,1,8,27
11st,7,9,23
1800 Contacts - Lens Store,3,5,32
1LINE ‚Äì One Line with One Touch,8,3,27
2018Emoji Keyboard üòÇ Emoticons Lite -sticker&gif,1,6,22
21-Day Meditation Experience,5,1,35
"2Date Dating App, Love and matching",7,5,26
2GIS: directory & navigator,6,11,23
2RedBeans,2,6,28
2ndLine - Second Phone Number,7,16,17
30 Day Fitness Challenge - Workout at Home,2,2,27
365Scores - Live Scores,0,2,5
3D Live Neon Weed Launcher,0,0,2
4 in a Row,3,0,17
4K Wallpapers and Ultra HD Backgrounds,2,0,7
591ÊàøÂ±ã‰∫§Êòì-ÁßüÂ±ã„ÄÅ‰∏≠Âè§Â±ã„ÄÅÊñ∞Âª∫Ê°à„ÄÅÂØ¶ÂÉπÁôªÈåÑ„ÄÅÂà•Â¢ÖÈÄèÂ§©„ÄÅÂÖ¨ÂØìÂ•óÊàø„ÄÅÊç∑ÈÅã„ÄÅË≤∑ÊàøË≥£ÊàøË°åÊÉÖ„ÄÅÊàøÂÉπÊàøË≤∏Êü•Ë©¢,2,8,5
591ÊàøÂ±ã‰∫§Êòì-È¶ôÊ∏Ø,1,3,5
7 Cups: Anxiety & Stress Chat,1,0,7
7 Day Food Journal Challenge,0,0,9
7 Minute Workout,1,0,10
7 Weeks - Habit & Goal Tracker,4,0,10
8 Ball Pool,46,2,48
850 Sports News Digest,1,0,38
8fit Workouts & Meal Planner,11,7,82
95Live -SG#1 Live Streaming App,10,12,16
A Call From Santa Claus!,14,0,20
A Word A Day,0,1,3
A&E - Watch Full Episodes of TV Shows,3,4,20
A+ Gallery - Photos & Videos,7,10,24
A+ Mobile,9,18,57
ABC Kids - Tracing & Phonics,1,6,30
ABC News - US & World News,15,13,9
ABC Preschool Free,8,9,19
ABCmouse.com,9,2,25
AC - Tips & News for Android‚Ñ¢,10,7,18
ACE Elite,4,7,22
"AD - Nieuws, Sport, Regio & Entertainment",3,3,13
AMC Theatres,1,0,5
ANA,11,10,6
"AOL - News, Mail & Video",7,9,17
AP Mobile - Breaking News,4,1,31
APE Weather ( Live Forecast),2,6,23
"APUS Launcher - Theme, Wallpaper, Hide Apps",4,2,24
ARY NEWS,6,9,18
ARY NEWS URDU,7,8,19
ASOS,4,4,28
ASUS Calling Screen,5,10,9
ASUS Cover for ZenFone 2,1,2,3
ASUS Quick Memo,0,1,1
ASUS Sound Recorder,2,1,11
ASUS SuperNote,5,4,14
"AT&T Navigator: Maps, Traffic",9,4,16
AT&T Smart Wi-Fi,1,8,11
AT&T Visual Voicemail,9,5,11
"AVG Cleaner ‚Äì Speed, Battery & Memory Booster",5,1,29
Abs Training-Burn belly fat,6,5,25
Account Manager,18,4,11
Accounting App - Zoho Books,3,5,30
AccuWeather: Daily Forecast & Live Weather Reports,5,4,23
Acorn TV: World-class TV from Britain and Beyond,7,2,14
Acorns - Invest Spare Change,1,2,2
AdWords Express,2,18,15
Ada - Your Health Guide,3,2,29
Add Text To Photo,6,10,18
Adobe Acrobat Reader,20,11,67
Adobe Photoshop Express:Photo Editor Collage Maker,7,2,21
Advanced Task Killer,3,1,11
Agar.io,44,8,42
Age Calculator,9,4,18
Agoda ‚Äì Hotel Booking Deals,2,3,30
Air Traffic,3,3,16
AirAsia,10,3,8
AirBrush: Easy Photo Editor,1,6,17
Airbnb,15,7,28
Airport + Flight Tracker Radar,7,2,13
Airway Ex - Intubate. Anesthetize. Train.,8,6,25
Akinator,18,1,19
AlReader -any text book reader,6,9,24
Alarm Clock,4,10,22
Alarm Clock Free,5,10,19
Alfred Home Security Camera,0,9,21
"AliExpress - Smarter Shopping, Better Living",12,0,21
All Email Providers,2,0,3
All Events in City,0,2,23
All Football - Latest News & Videos,3,2,27
"All Football GO- Live Score, Games",1,5,30
All Language Translator Free,0,6,23
All Maths Formulas,1,6,26
All Mental disorders,7,6,25
All Social Networks,17,5,12
All Video Downloader 2018,3,8,20
"All-In-One Toolbox: Cleaner, Booster, App Manager",4,2,15
All-in-One Mahjong 3 FREE,0,0,1
Allegiant,0,1,2
Allrecipes Dinner Spinner,3,0,16
Alto's Adventure,39,0,57
Amazon Drive,14,4,18
"Amazon FreeTime ‚Äì Kids‚Äô Videos, Books, & TV shows",3,4,28
Amazon Kindle,22,17,47
Amazon Prime Video,0,0,2
Amazon Shopping,12,10,22
Amazon for Tablets,7,3,10
American Airlines,14,3,15
Amex Mobile,8,8,20
Amino: Communities and Chats,12,0,23
Amtrak,16,12,11
Anatomy Learning - 3D Atlas,5,3,28
Ancestry,4,5,28
AndroZip‚Ñ¢ FREE File Manager,10,8,21
"Android Auto - Maps, Media, Messaging & Voice",1,0,30
Android Messages,11,3,18
Anger of stick 5 : zombie,1,0,2
Angry Birds 2,13,0,16
Angry Birds Classic,59,1,47
Angry Birds Rio,16,1,14
Animal Planet GO,3,4,14
Animated Photo Editor,4,10,19
Anime Avatar Creator: Make Your Own Avatar,9,1,18
Anime Manga Coloring Book,3,2,19
Anthem Anywhere,15,11,12
Anthem BC Anywhere,12,11,8
"Any.do: To-do list, Calendar, Reminders & Planner",8,6,49
Apartment Decorating Ideas,0,0,1
"Apartment List: Housing, Apt, and Property Rentals",2,2,27
"Apartment, Home Rental Search: Realtor.com Rentals",10,3,12
Apartments & Rentals - Zillow,2,11,20
Apartments.com Rental Search,11,9,19
Apex Launcher,11,5,24
Apk Installer,6,3,18
App vault,10,3,8
AppLock,7,0,6
AppLock - Fingerprint,3,0,16
Apple Daily ËòãÊûúÂãïÊñ∞ËÅû,9,12,13
Aprender ingl√©s con Wlingua,1,1,32
Archos File Manager,8,9,14
Arrow.io,28,14,53
Asana: organize team projects,3,4,24
Ascape VR: 360¬∞ Virtual Travel,4,4,10
Asphalt 8: Airborne,31,3,39
Associated Credit Union Mobile,1,4,30
Asteroids 3D live wallpaper,4,6,21
Atlan3D Navigation: Korea navigator,2,11,23
AutoCAD - DWG Viewer & Editor,12,8,16
AutoScout24 Switzerland ‚Äì Find your new car,3,4,27
Avakin Life - 3D virtual world,16,1,52
Aviary Effects: Classic,9,2,26
Aviary Stickers: Free Pack,12,2,23
Azar,25,29,36
Azpen eReader,4,4,15
B612 - Beauty & Filter Camera,5,2,8
BBC Media Player,11,1,12
BBC News,10,6,22
BBC Sport,8,5,24
BBM - Free Calls & Messages,8,9,17
BBVA Compass Banking,7,5,17
BBVA Spain,3,3,26
BBW Dating & Curvy Singles Chat- LargeFriends,8,7,23
BBW Dating & Plus Size Chat,9,5,23
BBWCupid - BBW Dating App,9,9,21
BELONG Beating Cancer Together,2,8,27
BEST CAR SOUNDS,3,9,23
BET NOW - Watch Shows,10,13,13
BEYBLADE BURST app,17,3,16
BIG Launcher,5,9,26
BLK - Swipe. Match. Chat.,4,9,27
BZWBK24 mobile,4,5,14
BaBe - Baca Berita,1,4,10
BaBe Lite - Baca Berita Hemat Kuota,1,4,8
BaBe+ - Berita Indonesia,2,5,13
Babbel ‚Äì Learn Languages,2,8,25
Babbel ‚Äì Learn Spanish,5,1,33
Baby ABC in box! Kids alphabet games for toddlers!,6,2,28
Baby Monitor,4,4,27
Baby Name Together,6,6,23
Baby Panda Care,5,5,18
Baby Panda Learns Shapes,2,16,19
Baby Panda Musical Genius,4,11,22
Baby Panda‚Äôs Juice Shop,0,0,3
Baby Tiger Care - My Cute Virtual Pet Friend,0,4,5
Baby puzzles,14,4,16
"Baca- Berita Terbaru, Informasi, Gosip dan Politik",3,9,20
Backgrounds (HD Wallpapers),6,1,23
Backgrounds HD (Wallpapers),3,9,17
BaconReader for Reddit,8,1,24
Bad Piggies,37,3,37
Badoo - Free Chat & Dating App,9,12,21
Bagan - Myanmar Keyboard,2,9,21
Banco Ita√∫,9,13,18
Banco do Brasil,7,11,22
Bancomer m√≥vil,21,8,11
Banfield Pet Health Tracker,14,3,23
Bangla Newspaper ‚Äì Prothom Alo,7,11,19
Banjo,6,6,27
Bank of America Mobile Banking,6,4,22
BankMobile Vibe App,2,2,19
Banorte Movil,9,0,17
Banque Populaire,8,5,5
Barbie Life‚Ñ¢,2,6,11
Barbie Magical Fashion,13,0,18
Barbie‚Ñ¢ Fashion Closet,14,5,23
Barclays US for Android,15,10,15
Barcode Scanner,0,6,31
Baritastic - Bariatric Tracker,1,5,34
Baseball Boy!,20,0,20
Basketball FRVR - Shoot the Hoop and Slam Dunk!,12,7,15
Basketball Stars,41,4,44
Bathroom Decorating Ideas,6,9,24
Battlelands Royale,34,2,53
Be A Legend: Soccer,59,6,33
BeSoccer - Soccer Live Score,2,9,23
BeWild Free Dating & Chat App,6,1,31
Beautiful Design Birthday Cake,4,10,20
Beautiful Widgets Free,17,3,20
Beautiful Widgets Pro,5,2,30
Beauty Camera - Selfie Camera,8,5,23
Beauty Makeup Snappy Collage Photo Editor - Lidow,1,1,2
BeautyPlus - Easy Photo Editor & Selfie Camera,0,2,2
Bed Time Fan - White Noise Sleep Sounds,0,0,1
Best Car Wallpapers,1,1,1
Best Fiends - Free Puzzle Game,0,0,1
Best Ovulation Tracker Fertility Calendar App Glow,0,0,1
"Best Wallpapers Backgrounds(100,000+ 4K HD)",0,4,6
Best Wallpapers QHD,4,1,30
"BestCam Selfie-selfie, beauty camera, photo editor",27,35,20
BetterMe: Weight Loss Workouts,6,4,27
Betterment,8,7,25
BeyondMenu Food Delivery,2,1,35
BeyondPod Podcast Manager,7,1,32
Bible,7,9,80
Big Days - Events Countdown,5,7,24
"BigOven Recipes, Meal Planner, Grocery List & More",3,3,34
"BiggerCity: Chat for gay bears, chubs & chasers",10,3,27
Bike Computer - GPS Cycling Tracker,3,9,27
Binaural Beats Meditation,4,7,29
Binaural Beats Therapy,3,8,28
BioLife Plasma Services,9,6,24
Birdays ‚Äì Birthday reminder,1,3,33
Birds Sounds Ringtones & Wallpapers,1,9,27
Black People Meet Singles Date,3,5,16
Block Puzzle,40,0,53
Block Puzzle Classic Legend !,10,2,23
Blogaway for Android (Blogger),4,13,19
Blogger,6,1,31
Bloglovin',7,13,19
Blood Donor,2,11,26
Blood Pressure,4,4,30
Blood Pressure Log - MyDiary,3,2,35
Blood Pressure(BP) Diary,8,18,14
Bloomberg Professional,11,14,15
Bloomberg: Market & Financial News,10,15,15
Blossom Blast Saga,19,0,17
BluTV,1,8,15
Blur Image Background,1,2,6
Blur Image Background Editor (Blur Photo Editor),7,6,26
Booking.com Travel Deals,9,13,19
Bowmasters,36,8,53
Box,4,8,26
Boxed Wholesale,4,6,30
Boys Photo Editor - Six Pack & Men's Suit,5,10,21
Brain Waves - Binaural Beats,5,3,32
Branch,8,4,28
Brasileir√£o Pro 2018 - S√©rie A e B,3,3,30
"Breaking News, Local news, Attacks and Alerts Free",5,8,14
Brightest Flashlight Free ¬Æ,0,0,5
Brightest LED Flashlight,1,2,13
Brilliant,4,2,18
Brit + Co,2,4,10
British Airways,5,4,13
Browser 4G,1,8,23
Bualuang mBanking,11,12,11
Bubble Shooter,24,2,49
Bubble Shooter 2,2,1,8
Bubble Shooter Genies,3,1,6
Bubble Shooter Space,7,3,14
Bubble Witch 3 Saga,11,1,19
Buienradar - weer,10,5,20
Build a Bridge!,27,9,50
Bukalapak - Jual Beli Online,15,2,14
BukuBayi - Perkembangan Bayi,1,4,20
Burner - Free Phone Number,1,0,5
Buscap√© - Ofertas e descontos,0,1,2
Business Calendar 2,4,3,18
Butterfly Live Wallpaper,0,8,20
Buzz Launcher-Smart&Free Theme,10,1,25
"BuzzFeed: News, Tasty, Quizzes",4,9,24
"B√ÅO M·ªöI - ƒê·ªçc B√°o, Tin T·ª©c 24h",9,6,17
C Programming,3,0,32
C++ Programming,10,2,24
C++ Tutorials,0,4,32
CAIXA,15,8,11
CALCU‚Ñ¢ Stylish Calculator Free,1,10,27
CATS: Crash Arena Turbo Stars,21,1,35
CBS News,0,1,0
"CBS Sports App - Scores, News, Stats & Watch Live",15,14,42
CBS Sports Fantasy,5,8,23
CDL Practice Test 2018 Edition,1,2,21
CIA - Caller ID & Call Blocker,2,4,8
"CM Browser - Ad Blocker , Fast Download , Privacy",1,0,1
"CM Flashlight (Compass, SOS)",0,0,4
"CM Launcher 3D - Theme, Wallpapers, Efficient",2,4,12
CM Locker - Security Lockscreen,15,15,56
CMB Free Dating App,3,5,29
CNBC: Breaking Business News & Live Market Data,8,4,25
CNN Breaking US & World News,15,2,24
COOKING MAMA Let's Cook!,6,4,26
CVS Caremark,6,10,23
CW Seed,5,6,25
CWT To Go,6,4,28
Cache Cleaner-DU Speed Booster (booster & cleaner),2,8,16
Caf - Mon Compte,0,0,1
"Calculator - free calculator, multi calculator app",1,2,1
Calculator - unit converter,0,0,1
Calculator Plus Free,0,0,2
Calculator with Percent (Free),0,1,1
Calendar Widget Month + Agenda,0,1,1
Calendar+ Schedule Planner App,0,0,1
Call Blocker,2,0,1
Call Control - Call Blocker,1,2,0
Call of Duty:Black Ops Zombies,3,0,0
"CallApp: Caller ID, Blocker & Phone Call Recorder",0,0,1
Caller ID +,0,0,1
Calls & Text by Mo+,0,1,5
Calls Blacklist - Call Blocker,1,0,2
"Calm - Meditate, Sleep, Relax",4,1,38
Calorie Counter & Diet Tracker,14,8,75
Calorie Counter - EasyFit free,1,3,33
Calorie Counter - Macros,10,3,87
Calorie Counter - MyFitnessPal,16,17,66
Calorie Counter - MyNetDiary,2,12,82
Cameringo Lite. Filters Camera,0,1,8
Candy Bomb,2,3,28
"Candy Camera - selfie, beauty camera, photo editor",8,6,25
Candy Crush Jelly Saga,22,4,11
Candy Crush Saga,21,2,17
Candy Crush Soda Saga,50,4,37
Candy Day,6,6,25
Candy Pop Story,13,5,22
Candy Smash,8,4,28
"Candy selfie - photo editor, live filter camera",2,10,18
"Canva: Poster, banner, card maker & graphic design",3,5,30
Canvas Student,1,1,2
Cat Sim Online: Play with Cats,14,2,45
Caviar - Food Delivery,8,6,25
Chakra Cleansing,1,4,34
Championat,6,9,25
Chapters: Interactive Stories,7,1,30
Chase Mobile,16,1,23
"Chat Rooms, Avatars, Date - Galaxy",8,6,23
ChatVideo Meet new people,3,14,20
Cheap Flights & Hotels momondo,7,8,23
Cheap hotel deals and discounts ‚Äî Hotellook,4,11,22
"CheapTickets ‚Äì Hotels, Flights & Travel Deals",6,4,26
Cheapflights ‚Äì Flight Search,4,7,26
CheckPoints üèÜ Rewards App,6,6,28
Checkers ‚úîÔ∏è,13,5,18
Checkout 51: Grocery coupons,3,2,16
Choice Hotels,2,1,7
Choices: Stories You Play,18,0,21
Christian Dating For Free App,11,2,25
Chrome Beta,4,12,22
Chrome Dev,6,8,23
Cinemark Theatres,10,10,20
Cisco Webex Meetings,11,6,22
Cisco Webex Teams,14,8,17
Citi Mobile¬Æ,18,2,20
Citibanamex Movil,9,6,24
Citizens Bank Mobile Banking,19,2,18
CityMaps2Go Plan Trips Travel Guide Offline Maps,4,4,32
Claro,13,15,11
Clash Royale,38,0,58
Clash of Clans,9,0,23
Color Flashlight,2,2,7
Color Road,22,1,14
Color Touch Effects,8,11,19
Color by Number - Draw Sandbox Pixel Art,17,20,55
Color by Number ‚Äì New Coloring Book,4,0,33
ColorFil - Adult Coloring Book,6,2,24
ColorNote Notepad Notes,6,2,91
ColorSnap¬Æ Visualizer,12,14,13
Colorfit - Drawing & Coloring,8,1,29
Colorful Glitter Neon Butterfly Keyboard Theme,6,8,14
Colorfy: Coloring Book for Adults - Free,33,7,57
Coloring & Learn,3,4,28
Coloring book moana,7,2,11
Comedy Central,6,13,21
Common Core,4,0,4
Comptia A+ 220-901 & 220-902,0,3,21
ConnectLine,5,7,26
Contacts,13,9,16
Contacts+,1,10,27
Content Transfer,9,9,22
ConvertPad - Unit Converter,9,2,29
Cookbook Recipes,0,2,35
Cooking Channel,4,6,29
Cooking Fever,57,1,38
Cooking Madness - A Chef's Restaurant Games,17,0,20
Cookpad,7,3,26
Cool Popular Ringtones 2018 üî•,10,2,24
Cool Reader,11,3,24
Couch to 10K Running Trainer,2,2,36
Couch to 5K by RunDouble,4,7,28
Couchsurfing Travel App,6,4,29
Cougar Dating Life : Date Older Women Sugar Mummy,8,3,25
Couple - Relationship App,0,0,23
Credit Karma,5,3,27
Credit Sesame,10,7,21
CreditWise from Capital One,7,3,28
Crew - Free Messaging and Scheduling,2,2,37
Cricbuzz - Live Cricket Scores & News,11,1,26
Cricket Visual Voicemail,16,4,20
Crossy Road,12,12,66
Crunchyroll - Everything Anime,5,0,35
Current debit card and app made for teens,1,5,34
Curriculum vitae App CV Builder Free Resume Maker,2,6,30
Curso de Ingles Gratis,0,3,31
Cut the Rope 2,19,7,64
Cut the Rope FULL FREE,14,0,14
Cycling - Bike Tracker,4,2,18
"Cymera Camera- Photo Editor, Filter,Collage,Layout",1,7,28
Czech Public Transport IDOS,2,7,19
DC Comics,1,1,33
DC Super Hero Girls‚Ñ¢,3,1,30
DEAD TARGET: FPS Zombie Apocalypse Survival Games,29,8,44
DEER HUNTER 2018,3,0,0
DELISH KITCHEN - ÁÑ°Êñô„É¨„Ç∑„ÉîÂãïÁîª„ÅßÊñôÁêÜ„ÇíÊ•Ω„Åó„Åè„ÉªÁ∞°Âçò„Å´ÔºÅ,0,4,21
DINO HUNTER: DEADLY SHORES,38,2,52
DIY Garden Ideas,2,4,27
DIY On A Budget,1,5,27
DMV Permit Practice Test 2018 Edition,2,2,30
DRAGON BALL LEGENDS,26,1,70
DSLR Camera Hd Ultra Professional,12,8,16
DStv Now,14,3,22
DU Browser‚ÄîBrowse fast & fun,8,0,32
"DU Recorder ‚Äì Screen Recorder, Video Editor, Live",11,5,42
Daily Workouts - Exercise Fitness Routine Trainer,0,0,1
Daily Yoga - Yoga Fitness Plans,2,0,9
"Dailyhunt (Newshunt) - Latest News, Viral Videos",3,0,1
Dairy Queen,0,1,2
Daniel Tiger for Parents,0,0,3
DashClock Widget,0,0,1
Dashlane Free Password Manager,1,0,1
"Dating App, Flirt & Chat : W-Match",0,4,2
Dating for 50 plus Mature Singles ‚Äì FINALLY,0,1,5
Daum Mail - Îã§Ïùå Î©îÏùº,0,2,3
Davis's Drug Guide,1,1,1
Davis's Drug Guide for Nurses,0,1,2
Debonairs Pizza,2,1,3
"Delivery Club‚Äì–î–æ—Å—Ç–∞–≤–∫–∞ –µ–¥—ã:–ø–∏—Ü—Ü–∞,—Å—É—à–∏,–±—É—Ä–≥–µ—Ä,—Å–∞–ª–∞—Ç",6,8,10
Delta Dental,20,11,9
Despegar.com Hoteles y Vuelos,6,11,21
Detector de Radares Gratis,2,6,23
Device Help,8,9,20
Diabetes & Diet Tracker,2,2,33
Diabetes:M,2,4,33
Diamond Zipper Lock Screen,8,6,19
Diary with lock,6,2,62
Diary with lock password,7,7,38
Dictionary - Merriam-Webster,2,0,6
Die TK-App ‚Äì alles im Griff,5,6,16
Digg,13,2,18
DigiCal Calendar Agenda,5,2,16
Digit Save Money Automatically,2,8,26
Digital Alarm Clock,5,7,59
Dil Mil,11,10,13
Dino War: Rise of Beasts,6,5,16
Dinosaur Simulator: Dino World,6,2,5
Discover Mobile,1,0,0
Disney Heroes: Battle Mode,1,0,1
Disney Magic Kingdoms: Build Your Own Magical Park,12,0,21
DisneyNOW ‚Äì TV Shows & Games,6,2,28
Divar,9,9,19
Do It Later: Tasks & To-Dos,5,10,19
Docs To Go‚Ñ¢ Free Office Suite,6,9,24
Doctor On Demand,2,6,28
Doctor Pets,9,5,16
Dog Licks Screen Wallpaper,5,9,20
Dog Run - Pet Dog Simulator,5,2,22
Dog Sim Online: Raise a Family,2,0,2
Domino's Pizza USA,7,1,30
Dominos Game ‚úîÔ∏è,13,12,14
"Domofond –ù–µ–¥–≤–∏–∂–∏–º–æ—Å—Ç—å. –ö—É–ø–∏—Ç—å, —Å–Ω—è—Ç—å –∫–≤–∞—Ä—Ç–∏—Ä—É.",7,10,21
Doodle Jump,25,9,55
Door Lock Screen,0,7,28
DoorDash - Food Delivery,13,3,24
Dosecast - Medication Reminder,3,1,34
Down Dog: Great Yoga Anywhere,0,0,40
Dr. Oetker Rezeptideen,5,11,20
Dr. Panda & Toto's Treehouse,6,2,28
Dr. Panda Restaurant 3,15,2,17
Dr. Panda Town: Vacation,10,2,23
DraftKings - Daily Fantasy Sports,6,3,26
Dragon Hills,5,0,10
Draw A Stickman,1,0,0
Draw In,1,0,0
Draw Your Game,2,0,0
Draw a Stickman: EPIC 2,0,0,1
Drawing for Kids Learning Games for Toddlers age 3,0,0,1
Dream League Soccer 2018,1,0,2
DreamTrips,6,7,21
DreamWorks Friends,10,11,12
Dresses Ideas & Fashions +3000,1,5,23
Droid Zap by Motorola,16,9,15
DroidAdmin for Android - Advice,12,10,17
Dropbox,4,11,23
Drugs.com Medication Guide,3,4,32
Dude Perfect 2,22,5,57
Dumb Ways to Die 2: The Games,13,4,20
Dungeon Hunter Champions: Epic Online Action RPG,14,4,22
Dunkin' Donuts,3,3,32
Duolingo: Learn Languages Free,9,1,45
DuraSpeed,11,13,13
E*TRADE Mobile,7,3,22
"Easy - taxi, car, ridesharing",5,13,28
Easy Hair Style Design,1,6,20
Easy Healthy Recipes,0,4,25
Easy Installer - Apps On SD,8,23,8
Easy Makeup Tutorials,4,11,21
Easy Origami Ideas,11,6,17
Easy Recipes,5,10,23
Easy Voice Recorder,0,3,36
EasyBib: Citation Generator,10,12,15
Eat Fit - Diet and Health Free,21,14,52
Eat24 Food Delivery & Takeout,8,7,25
EatStreet Food Delivery App,0,6,31
"Ebates: Cash Back, Coupons, Rewards & Savings",5,7,26
Ebook Reader,4,3,32
Ecobank Mobile Banking,19,3,17
Edmodo,1,7,27
Educational Games 4 Kids,9,3,26
Educational Games for Kids,2,4,29
El tiempo de AEMET,0,6,8
English with Lingualeo,1,3,4
English-Myanmar Dictionary,1,7,29
Entel,13,16,10
Enterprise Rent-A-Car,5,3,31
Episode - Choose Your Story,37,13,74
Epocrates Plus,6,5,29
Equestria Girls,15,1,21
Essential Anatomy 3,5,0,35
Essential Resources,5,4,31
Etsy: Handmade & Vintage Goods,6,4,29
Etta Homes,3,7,29
Eurosport,13,9,16
"Eve Period Tracker - Love, Sex & Relationships App",0,2,24
"Even - organize your money, get paid early",1,4,9
"Evernote ‚Äì Organizer, Planner for Notes & Memos",13,0,26
Evie Launcher,2,0,30
ExDialer - Dialer & Contacts,5,2,22
"Expedia Hotels, Flights & Car Rental Travel Deals",16,5,19
Expense IQ Money Manager,1,3,27
Experian - Free Credit Report,6,2,15
Extreme Car Driving Simulator,1,0,1
Extreme Coupon Finder,4,2,8
Extreme Match,18,8,56
Extreme Racing 2 - Real driving RC cars game!,13,8,15
EyeCloud,4,14,21
EyeEm - Camera & Photo Filter,7,6,24
EzCalculator,4,4,30
FBReader: Favorite Book Reader,6,5,28
FERZU - Furries Social Network,12,2,25
"FIFA - Tournaments, Soccer News & Live Scores",10,9,20
FINAL FANTASY BRAVE EXVIUS,11,0,27
FOSSIL Q: DESIGN YOUR DIAL,1,15,16
FOX,11,6,22
FOX NOW - On Demand & Live TV,14,4,20
"FOX Sports: Live Streaming, Scores & News",5,6,22
FREEDOME VPN Unlimited anonymous Wifi Security,0,6,5
"FUN Keyboard ‚Äì Emoji Keyboard, Sticker,Theme & GIF",0,5,7
"Fabulous: Motivate Me! Meditate, Relax, Sleep",5,2,22
"Face Filter, Selfie Editor - Sweet Camera",3,4,10
Facebook,59,18,53
Facebook Ads Manager,5,13,17
Facebook Lite,14,3,12
Facebook Local,10,5,20
Facebook Pages Manager,12,12,10
Facetune - Ad Free,4,2,24
Fake Call - Fake Caller ID,8,14,45
Fallout Shelter,4,1,27
Family Album Mitene: Private Photo & Video Sharing,2,4,33
Family Dollar,9,5,20
Family GPS Tracker and Chat + Baby Monitor Online,2,7,26
Family GPS tracker KidControl + GPS by SMS Locator,6,4,22
Family Locator - GPS Tracker,7,13,85
FamilySearch Tree,4,5,21
FanDuel: Daily Fantasy Sports,1,2,8
Fancy Widgets,3,0,13
Fandango Movies - Times + Tickets,9,3,27
Fantasy Football,12,10,17
Fantasy Football & NFL News,2,3,29
Fantasy Football Manager (FPL),3,7,24
Farm Fruit Pop: Party Time,6,6,19
Farm Heroes Saga,20,10,26
Farming Simulator 14,6,0,11
Farming Simulator 18,13,2,24
Fashion in Vogue,11,12,16
Fast News,7,4,28
Fast Scanner : Free PDF Scan,1,8,30
Fast Secure VPN,11,23,36
"FastMeet: Chat, Dating, Love",5,7,22
Fat Burning Workout - Home Weight lose,11,1,24
Fate/Grand Order (English),9,0,11
FidMe Loyalty Cards & Deals at Grocery Supermarket,2,3,6
File Browser by Astro (File Manager),3,2,7
File Explorer,3,6,14
File Manager,3,5,3
File Manager -- Take Command of Your Files Easily,1,11,10
Files Go by Google: Free up space on your phone,9,0,25
FilterGrid - Cam&Photo Editor,9,4,22
Filters for B Live,4,13,12
Filters for Selfie,16,16,31
Final Fantasy XV: A New Empire,17,2,13
Financial Times,4,6,20
Find Dining Restaurant Finder,1,0,6
Find a Way: Addictive Puzzle,10,1,19
Find&Save - Local Shopping,7,4,20
FindShip,9,7,18
Firefox Browser fast & private,10,0,27
Firefox Focus: The privacy browser,2,4,31
Fishdom,28,0,47
Fitbit,1,0,5
Flashlight,3,4,25
Flashlight & LED Torch,0,15,10
Flashlight - Torch LED Light,2,7,21
Flashlight HD LED,1,1,26
Flickr,12,6,21
Flight & Hotel Booking App - ixigo,6,6,21
Flightradar24 Flight Tracker,2,4,26
Flights,3,8,15
Flip the Gun - Simulator Game,12,0,14
FlipaClip - Cartoon animation,0,0,4
Flipboard: News For Our Time,0,3,10
Flipkart Online Shopping App,4,5,19
Flipp - Weekly Shopping,2,0,29
Flippy Campus - Buy & sell on campus at a discount,0,8,26
FlirtChat - ‚ô•Free Dating/Flirting App‚ô•,1,10,23
Floor Plan Creator,3,8,26
Flow Free,15,2,35
Flowers Live Wallpaper,4,8,19
Fly Delta,6,8,25
FollowMyHealth¬Æ,6,0,32
Font Studio- Photo Texts Image,10,1,23
Food Calorie Calculator,4,9,10
Food Network,14,8,16
Fooducate Healthy Weight Loss & Calorie Counter,2,5,30
"Foot Mercato : transferts, r√©sultats, news, live",3,7,22
Football Live Scores,2,4,28
ForecaWeather,5,4,28
Fortune City - A Finance App,4,3,41
Four In A Line,6,6,49
Four In A Line Free,4,5,18
Foursquare City Guide,6,7,15
Foursquare Swarm: Check In,12,8,9
Fox Business,9,3,22
"Fox News ‚Äì Breaking News, Live Video & News Alerts",15,3,20
Fraction Calculator Plus Free,5,2,24
Free & Premium VPN - FinchVPN,3,7,21
Free Dating & Flirt Chat - Choice of Love,10,12,10
Free Dating App & Flirt Chat - Cheers,4,10,18
Free Dating App & Flirt Chat - Match with Singles,6,6,14
Free Dating App - Meet Local Singles - Flirt Chat,18,5,16
"Free Dating App - YoCutie - Flirt, Chat & Meet",6,9,22
Free Dating Hook Up Messenger,7,6,25
Free Foreclosure Real Estate Search by USHUD.com,14,9,14
Free Hypnosis,1,0,14
Free Live Talk-Video Call,1,0,0
Free Panda Radio Music,0,3,3
Free Sports TV,7,4,16
"Free TV Shows App:News, TV Series, Episode, Movies",5,4,28
Free VIN Report for Used Cars,3,6,26
Free live weather on screen,2,7,26
"Free phone calls, free texting SMS on free number",7,4,25
FreePrints ‚Äì Free Photos Delivered,2,1,33
Freeletics: Personal Trainer & Fitness Workouts,1,11,20
Freeme Launcher‚ÄîStylish Theme,5,8,21
Fresh EBT - Food Stamp Balance,7,6,21
FreshBooks Classic,11,8,21
Frontback - Social Photos,8,7,21
Frozen Free Fall,15,4,19
Fruit Block - Puzzle Legend,1,0,0
Fruit Ninja¬Æ,6,3,22
Fruits Bomb,9,7,50
Fuelio: Gas log & costs,3,12,72
Full Screen Caller ID,1,9,20
Fun Kid Racing,4,5,24
Fun Kid Racing - Motocross,6,3,21
Funny Alarm Clock Ringtones,10,0,17
Funny Pics,1,1,13
Fuzzy Seasons: Animal Forest,3,0,11
G Cloud Backup,4,1,24
GANMA! - „Ç™„É™„Ç∏„Éä„É´Êº´Áîª„ÅåÂÖ®Ë©±ÁÑ°Êñô„ÅßË™≠„ÅøÊîæÈ°å,2,7,22
"GCash - Buy Load, Pay Bills, Send Money",8,15,10
GMAT Math Flashcards,1,1,34
GMAT Question Bank,4,6,24
GMX Mail,3,4,23
"GO Keyboard - Cute Emojis, Themes and GIFs",1,13,15
"GO Keyboard - Emoticon keyboard, Free Theme, GIF",4,9,19
GO Notifier,8,5,21
"GO SMS Pro - Messenger, Free Themes, Emoji",4,9,13
"GO Weather - Widget, Theme, Wallpaper, Efficient",4,4,13
GPS Map Free,0,0,1
GPS Speedometer and Odometer,0,0,3
"GPS Speedometer, Distance Meter",5,3,22
GPS Status & Toolbox,3,6,26
GPS Traffic Speedcam Route Planner by ViaMichelin,6,5,25
GRE Flashcards,4,4,28
GRE Prep & Practice by Magoosh,1,7,28
GRE Tutor,2,5,32
GS SHOP,2,14,20
GUNSHIP BATTLE: Helicopter 3D,11,5,18
Galactic Core Free Wallpaper,5,1,30
Galaxy Attack: Alien Shooter,20,4,45
Game of Thrones: Conquest‚Ñ¢,2,1,6
"Gametime - Tickets to Sports, Concerts, Theater",2,2,33
Garden Coloring Book,10,16,64
Garden Fruit Legend,8,2,27
Garden Photo Frames - Garden Photo Editor,4,10,24
Gardenscapes,50,0,46
Garena Free Fire,34,2,58
Garmin Connect‚Ñ¢,9,4,27
GasBuddy: Find Cheap Gas,7,4,29
Gay Sugar Daddy Dating & Hookup ‚Äì Sudy Gay,8,6,23
Gboard - the Google Keyboard,17,1,20
Gems or jewels ?,7,9,22
Genius Scan - PDF Scanner,1,1,11
Gmail,13,6,21
GoBank,16,4,19
GoPro (formerly Capture),23,1,15
Goal Live Scores,9,4,27
Goibibo - Flight Hotel Bus Car IRCTC Booking App,4,7,24
Goku Wallpaper Art,1,9,25
Gold Butterfly Keyboard Theme,3,6,25
Golden Dictionary (EN-AR),3,9,25
Golden Launcher,1,6,27
Goldstar: Live Event Tickets,0,2,38
Golf Channel,19,9,12
Golf GPS Rangefinder: Golf Pad,6,2,31
Golf GPS by SwingxSwing,7,1,32
GolfLogix GPS + Putt Breaks,18,6,15
"GolfNow: Tee Time Deals at Golf Courses, Golf GPS",6,3,29
Golfshot Plus: Golf GPS,3,7,30
Golfshot: Golf GPS + Tee Times,3,7,30
GoodRx Drug Prices and Coupons,3,10,24
Google,3,7,28
Google Ads,10,7,22
Google Duo - High Quality Video Calls,2,1,15
Google Earth,10,5,23
Google Fit - Fitness Tracking,12,6,22
Google Handwriting Input,1,15,20
Google Keep,10,3,28
Google My Business,3,13,21
Google News,13,0,27
Google PDF Viewer,11,7,22
Google Pay,10,2,27
Google Photos,24,1,76
Google Primer,0,0,2
Google Slides,0,0,1
Google Street View,3,1,0
Google Translate,0,0,2
Google Trips - Travel Planner,0,0,1
Google Voice,0,4,4
Google+,0,0,2
Granny,10,0,19
Graphing Calculator,13,14,52
Grim Soul: Dark Fantasy Survival,13,1,22
Groovebook Photo Books & Gifts,8,1,30
GroupMe,11,0,28
"Groupon - Shop Deals, Discounts & Coupons",4,5,32
Grubhub: Food Delivery,10,8,20
Guns of Glory,23,3,14
Gyft - Mobile Gift Card Wallet,16,6,18
H Pack,10,10,20
H TV,3,11,24
H&M,16,1,20
HBO GO: Stream with TV Package,17,2,6
HD Camera,0,1,0
HD Camera - Best Cam with filters & panorama,2,2,8
HD Camera - Quick Snap Photo & Video,0,4,13
HD Camera Pro for Android,6,1,10
HD Camera Ultra,5,0,13
HD Camera for Android,1,7,28
HD Movie Video Player,8,2,21
HD Video Player,5,15,17
HD Widgets,8,0,23
HDFC Bank MobileBanking,9,1,25
HESI A2 Pocket Prep,1,6,23
HISTORY: Watch TV Show Full Episodes & Specials,5,1,29
HTC Calendar,2,0,1
HTC File Manager,3,13,5
HTC Gallery,12,2,14
HTC Help,9,15,16
HTC Lock Screen,17,10,12
HTC Mail,11,5,24
HTC Sense Input,13,12,15
HTC Sense Input-AR,5,16,16
HTC Service Ôºç DLNA,10,8,19
HTC Service‚ÄîVideo Player,17,1,22
HTC Social Plugin - Facebook,20,5,14
HTC Speak,12,11,16
HTC Weather,10,6,22
Hacker's Keyboard,4,0,36
Hairstyles step by step,4,7,67
Hamilton ‚Äî The Official App,7,8,21
Hangouts,5,6,29
Happify,0,1,3
Happy Birthday Songs Offline,2,1,12
Happy Fruits Bomb - Cube Blast,7,5,13
Happy Street,8,1,13
Harkins Theatres,6,4,12
Harry Potter: Hogwarts Mystery,11,0,27
HauteLook,10,8,15
Hay Day,24,3,34
Haystack TV: Local & World News - Free,0,2,13
Headspace: Meditation & Mindfulness,0,1,9
Health and Nutrition Guide,4,15,68
HealtheLife,12,14,14
Healthy Recipes Free,1,7,31
Helix Jump,28,2,63
Hello Kitty Lunchbox,12,3,19
Hello Kitty Nail Salon,14,0,19
Hello Stars,16,11,35
"HelloTalk ‚Äî Chat, Speak & Learn Foreign Languages",1,0,2
Hero Hunters,12,2,16
"Herpes Dating: 1,000K+ Singles",7,5,20
Herpes Positive Singles Dating,3,4,21
"Hide App, Private Dating, Safe Chat - PrivacyHider",15,5,13
"Hide Something - Photo, Video",5,4,21
Hideman VPN,9,10,12
High Blood Pressure Symptoms,5,4,26
High-Powered Flashlight,1,9,24
"High-Speed Camera (GIF,Burst)",3,5,18
Hill Climb Racing,11,0,25
Hill Climb Racing 2,6,3,26
"Hily: Dating, Chat, Match, Meet & Hook up",11,6,21
Hinge: Dating & Relationships,6,4,29
HipChat - Chat Built for Teams,15,12,11
Hipmunk Hotels & Flights,1,4,28
Hitwe - meet people and chat,7,0,2
"Hole19: Golf GPS App, Rangefinder & Scorecard",0,1,18
Home Decor Showpiece Art making: Medium Difficulty,5,4,15
Home Scouting¬Æ MLS Mobile,12,7,13
Home Security Camera WardenCam - reuse old phones,4,4,18
Home Street ‚Äì Home Design Game,13,2,42
Home Workout - No Equipment,1,1,24
Home Workout for Men - Bodybuilding,0,4,21
"Home workouts - fat burning, abs, legs, arms,chest",0,0,8
HomeWork,0,0,1
"Homes.com üè† For Sale, Rent",3,7,10
Homescapes,17,0,18
Homesnap Real Estate & Rentals,6,4,24
Homestyler Interior Design & Decorating Ideas,7,8,19
Homework Planner,4,0,33
Honkai Impact 3rd,11,0,27
Hopper - Watch & Book Flights,9,2,27
Horoscopes ‚Äì Daily Zodiac Horoscope and Astrology,1,13,21
Horses Live Wallpaper,2,9,22
Hostelworld: Hostels & Cheap Hotels Travel App,6,6,26
Hot Wheels: Race Off,6,0,14
HotelTonight: Book amazing deals at great hotels,11,12,70
Hotels Combined - Cheap deals,7,14,15
Hotels.com: Book Hotel Rooms & Find Vacation Deals,12,5,22
Hotspot Shield Free VPN Proxy & Wi-Fi Security,3,14,15
Hotstar,14,4,14
Hotwire Hotel & Car Rental App,6,11,16
Housing-Real Estate & Property,10,3,8
